<Interlink id="external_linking_posting_companies">
  <MetaData>
    <Label></Label>
    <Description></Description>
    <Modified>2022-12-04T17:00:00.105Z</Modified>
  </MetaData>
  <SourceDataset dataSource="postings" var="a" typeUri="http://ex.org/company">
    <RestrictTo> </RestrictTo>
  </SourceDataset>
  <TargetDataset dataSource="companies" var="b" typeUri="http://dbpedia.org/ontology/Company">
    <RestrictTo> </RestrictTo>
  </TargetDataset>
  <LinkageRule linkType="&lt;http://www.w3.org/2002/07/owl#sameAs&gt;">
    <Compare id="levenshteinDistance1" required="false" weight="1" metric="levenshteinDistance" threshold="0.0" indexing="true">
      <TransformInput id="lowerCase1" function="lowerCase">
        <Input id="sourcePath1" path="/&lt;http://ex.org/name&gt;"/>
      </TransformInput>
      <TransformInput id="lowerCase2" function="lowerCase">
        <Input id="targetPath1" path="/&lt;http://www.w3.org/2000/01/rdf-schema#label&gt;"/>
      </TransformInput>
      <Param name="minChar" xml:space="preserve"><![CDATA[0]]></Param>
      <Param name="maxChar" xml:space="preserve"><![CDATA[z]]></Param>
    </Compare>
    <Filter limit="10"/>
  </LinkageRule>
  <Outputs>
    <Output id="Posting_companies_to_external"></Output>
  </Outputs>
</Interlink>
