<Interlink id="linking_postings_2_reviews">
  <MetaData>
    <Label></Label>
    <Description></Description>
    <Modified>2022-12-04T13:21:56.667Z</Modified>
  </MetaData>
  <SourceDataset dataSource="postings" var="a" typeUri="http://ex.org/posting">
    <RestrictTo> </RestrictTo>
  </SourceDataset>
  <TargetDataset dataSource="Reviews" var="b" typeUri="http://ex.org/review">
    <RestrictTo> </RestrictTo>
  </TargetDataset>
  <LinkageRule linkType="&lt;http://ex.org/position_review&gt;">
    <Compare id="levenshteinDistance1" required="false" weight="1" metric="levenshteinDistance" threshold="1.0" indexing="true">
      <TransformInput id="lowerCase2" function="lowerCase">
        <Input id="sourcePath1" path="/&lt;http://ex.org/title&gt;"/>
      </TransformInput>
      <TransformInput id="lowerCase1" function="lowerCase">
        <Input id="targetPath1" path="/&lt;http://ex.org/job_title&gt;"/>
      </TransformInput>
      <Param name="minChar" xml:space="preserve"><![CDATA[0]]></Param>
      <Param name="maxChar" xml:space="preserve"><![CDATA[z]]></Param>
    </Compare>
    <Filter/>
  </LinkageRule>
  <Outputs>
    <Output id="Posting_to_reviews"></Output>
  </Outputs>
</Interlink>
