<Dataset id="out" type="file" uriProperty="">
  <MetaData>
    <Label></Label>
    <Description></Description>
    <Modified>2022-12-03T15:35:34.276Z</Modified>
  </MetaData>
  <Param name="format" xml:space="preserve"><![CDATA[N-Triples]]></Param>
  <Param name="maxReadSize" xml:space="preserve"><![CDATA[100]]></Param>
  <Param name="file" xml:space="preserve"><![CDATA[out.nt]]></Param>
  <Param name="graph" xml:space="preserve"><![CDATA[]]></Param>
  <Param name="entityList" xml:space="preserve"><![CDATA[]]></Param>
</Dataset>
