<Dataset id="Posting_to_reviews" type="file" uriProperty="">
  <MetaData>
    <Label></Label>
    <Description></Description>
    <Modified>2022-12-04T12:39:11.794Z</Modified>
  </MetaData>
  <Param name="format" xml:space="preserve"><![CDATA[N-Triples]]></Param>
  <Param name="maxReadSize" xml:space="preserve"><![CDATA[100]]></Param>
  <Param name="file" xml:space="preserve"><![CDATA[posting_2_review.nt]]></Param>
  <Param name="graph" xml:space="preserve"><![CDATA[]]></Param>
  <Param name="entityList" xml:space="preserve"><![CDATA[]]></Param>
</Dataset>
