<Dataset id="Reviews" type="file" uriProperty="">
  <MetaData>
    <Label></Label>
    <Description></Description>
    <Modified>2022-12-03T17:49:23.483Z</Modified>
  </MetaData>
  <Param name="format" xml:space="preserve"><![CDATA[Turtle]]></Param>
  <Param name="maxReadSize" xml:space="preserve"><![CDATA[100]]></Param>
  <Param name="file" xml:space="preserve"><![CDATA[reviews_small.ttl]]></Param>
  <Param name="graph" xml:space="preserve"><![CDATA[]]></Param>
  <Param name="entityList" xml:space="preserve"><![CDATA[]]></Param>
</Dataset>
