<Dataset id="udemy" type="file" uriProperty="">
  <MetaData>
    <Label></Label>
    <Description></Description>
    <Modified>2022-12-03T15:46:49.548Z</Modified>
  </MetaData>
  <Param name="format" xml:space="preserve"><![CDATA[Turtle]]></Param>
  <Param name="maxReadSize" xml:space="preserve"><![CDATA[10]]></Param>
  <Param name="file" xml:space="preserve"><![CDATA[udemy.ttl]]></Param>
  <Param name="graph" xml:space="preserve"><![CDATA[]]></Param>
  <Param name="entityList" xml:space="preserve"><![CDATA[]]></Param>
</Dataset>
