<Interlink id="linking_posting_companies_2_reviews">
  <MetaData>
    <Label></Label>
    <Description></Description>
    <Modified>2022-12-04T15:03:19.146Z</Modified>
  </MetaData>
  <SourceDataset dataSource="postings" var="a" typeUri="http://ex.org/company">
    <RestrictTo> </RestrictTo>
  </SourceDataset>
  <TargetDataset dataSource="Reviews" var="b" typeUri="http://ex.org/company">
    <RestrictTo> </RestrictTo>
  </TargetDataset>
  <LinkageRule linkType="&lt;http://www.w3.org/2002/07/owl#sameAs&gt;">
    <Compare id="levenshteinDistance" required="false" weight="1" metric="levenshteinDistance" threshold="0.0" indexing="true">
      <TransformInput id="lowerCase1" function="lowerCase">
        <Input id="sourcePath2" path="/&lt;http://ex.org/name&gt;"/>
      </TransformInput>
      <TransformInput id="lowerCase2" function="lowerCase">
        <Input id="targetPath1" path="/&lt;http://ex.org/name&gt;"/>
      </TransformInput>
      <Param name="minChar" xml:space="preserve"><![CDATA[0]]></Param>
      <Param name="maxChar" xml:space="preserve"><![CDATA[z]]></Param>
    </Compare>
    <Filter limit="1"/>
  </LinkageRule>
  <Outputs>
    <Output id="Posting_companies_to_reviews"></Output>
  </Outputs>
</Interlink>
